product_id,isin,rfq_id,product_name,currency,nominal,distribution_fee_pct,structuring_fee_pct,management_fee_pct_pa,exchange_fee_pct,total_fee_pct,estimated_monetary_amount,description
PRD-101,CH1261564201,RFQ-101,"12M Multi Barrier Reverse Convertible on NESN, NOVN, ROG",CHF,100000.0,0.5,0.25,0.0,0.05,0.8,800.0,"Standard BRC fee model: 50 bps distribution fee, 25 bps structuring fee, 5 bps exchange clearing fee."
PRD-102,CH1261564202,RFQ-102,"6M Autocallable BRC on AAPL, MSFT, NVDA",USD,250000.0,0.4,0.2,0.1,0.05,0.75,1875.0,"Autocallable US Tech fee schedule: 40 bps distribution fee, 20 bps structuring fee, 10 bps annual management fee."
PRD-103,CH1261564203,RFQ-103,2Y Capital Protection Certificate on Euro Stoxx 50,EUR,500000.0,0.3,0.15,0.05,0.02,0.52,2600.0,"Capital protection structure with institutional scale: 30 bps distribution, 15 bps structuring, 5 bps mgmt fee."
PRD-104,CH1261564204,RFQ-104,"18M Barrier Reverse Convertible on ABB, Sika, Geberit",CHF,150000.0,0.6,0.3,0.0,0.05,0.95,1425.0,"18M Swiss industrial basket: 60 bps distribution, 30 bps structuring fee."
PRD-105,CH1261564205,RFQ-105,3M Reverse Convertible on Tesla and Amazon,USD,75000.0,0.5,0.25,0.0,0.05,0.8,600.0,"Short-tenor US dual-equity RC: 50 bps distribution fee, 25 bps structuring fee."
PRD-106,CH1261564106,RFQ-106,"24M Multi Barrier Reverse Convertible on AVGO, AMZN, NVDA",USD,50000.0,0.5,0.25,0.0,0.02,0.77,385.0,"24M Barrier Reverse Convertible fee schedule: 50 bps distribution, 25 bps structuring, 2 bps exchange clearing."
PRD-107,CH1261564107,RFQ-107,"9M Multi Outperformance Certificate on TSLA, V",USD,150000.0,0.4,0.3,0.05,0.02,0.77,1155.0,"9M Outperformance Certificate fee schedule: 40 bps distribution, 30 bps structuring, 5 bps p.a. management fee, 2 bps exchange clearing."
PRD-108,CH1261564108,RFQ-108,24M Capital Protection Certificate on SMI,CHF,500000.0,0.4,0.15,0.0,0.02,0.57,2850.0,"24M Capital Protection fee schedule: 40 bps distribution, 15 bps structuring, 2 bps exchange clearing."
PRD-109,CH1261564109,RFQ-109,9M Discount Certificate on SIE,EUR,500000.0,0.3,0.2,0.15,0.03,0.68,3400.0,"9M Discount Certificate fee schedule: 30 bps distribution, 20 bps structuring, 15 bps p.a. management fee, 3 bps exchange clearing."
PRD-110,CH1261564110,RFQ-110,3Y Barrier Reverse Convertible on ZURN,CHF,50000.0,0.25,0.25,0.15,0.05,0.7,350.0,"3Y Barrier Reverse Convertible fee schedule: 25 bps distribution, 25 bps structuring, 15 bps p.a. management fee, 5 bps exchange clearing."
PRD-111,CH1261564111,RFQ-111,"3Y Multi Outperformance Certificate on STMN, SREN",CHF,150000.0,0.5,0.15,0.15,0.02,0.82,1230.0,"3Y Outperformance Certificate fee schedule: 50 bps distribution, 15 bps structuring, 15 bps p.a. management fee, 2 bps exchange clearing."
PRD-112,CH1261564112,RFQ-112,"18M Multi Twin-Win Certificate on LONN, SREN",CHF,500000.0,0.25,0.2,0.05,0.05,0.55,2750.0,"18M Twin-Win Certificate fee schedule: 25 bps distribution, 20 bps structuring, 5 bps p.a. management fee, 5 bps exchange clearing."
PRD-113,CH1261564113,RFQ-113,"24M Multi Reverse Convertible on QCOM, AMZN, V, AVGO",USD,500000.0,0.25,0.15,0.0,0.02,0.42,2100.0,"24M Reverse Convertible fee schedule: 25 bps distribution, 15 bps structuring, 2 bps exchange clearing."
PRD-114,CH1261564114,RFQ-114,"6M Multi Twin-Win Certificate on MSFT, NVDA, TSLA",USD,200000.0,0.6,0.2,0.0,0.05,0.85,1700.0,"6M Twin-Win Certificate fee schedule: 60 bps distribution, 20 bps structuring, 5 bps exchange clearing."
PRD-115,CH1261564115,RFQ-115,"3M Multi Reverse Convertible on ROG, GEBN, ALC, UBSG",CHF,250000.0,0.6,0.25,0.0,0.03,0.88,2200.0,"3M Reverse Convertible fee schedule: 60 bps distribution, 25 bps structuring, 3 bps exchange clearing."
PRD-116,CH1261564116,RFQ-116,9M Capital Protection Certificate on DAX GY,EUR,250000.0,0.6,0.3,0.05,0.02,0.97,2425.0,"9M Capital Protection fee schedule: 60 bps distribution, 30 bps structuring, 5 bps p.a. management fee, 2 bps exchange clearing."
PRD-117,CH1261564117,RFQ-117,"3Y Multi Discount Certificate on NOVN, NESN, GIVN",CHF,200000.0,0.5,0.2,0.0,0.03,0.73,1460.0,"3Y Discount Certificate fee schedule: 50 bps distribution, 20 bps structuring, 3 bps exchange clearing."
PRD-118,CH1261564118,RFQ-118,"9M Multi Barrier Reverse Convertible on GEBN, UBSG",CHF,250000.0,0.4,0.2,0.0,0.03,0.63,1575.0,"9M Barrier Reverse Convertible fee schedule: 40 bps distribution, 20 bps structuring, 3 bps exchange clearing."
PRD-119,CH1261564119,RFQ-119,"6M Multi Twin-Win Certificate on ALV, TTE",EUR,500000.0,0.75,0.3,0.15,0.03,1.23,6150.0,"6M Twin-Win Certificate fee schedule: 75 bps distribution, 30 bps structuring, 15 bps p.a. management fee, 3 bps exchange clearing."
PRD-120,CH1261564120,RFQ-120,"9M Multi Autocallable BRC on RACE, SU",EUR,150000.0,0.3,0.25,0.1,0.02,0.67,1005.0,"9M Autocallable BRC fee schedule: 30 bps distribution, 25 bps structuring, 10 bps p.a. management fee, 2 bps exchange clearing."
PRD-121,CH1261564121,RFQ-121,"18M Multi Outperformance Certificate on MUV2, SAP, SU",EUR,100000.0,0.75,0.25,0.1,0.03,1.13,1130.0,"18M Outperformance Certificate fee schedule: 75 bps distribution, 25 bps structuring, 10 bps p.a. management fee, 3 bps exchange clearing."
PRD-122,CH1261564122,RFQ-122,18M Capital Protection Certificate on SPX US,USD,500000.0,0.5,0.3,0.15,0.02,0.97,4850.0,"18M Capital Protection fee schedule: 50 bps distribution, 30 bps structuring, 15 bps p.a. management fee, 2 bps exchange clearing."
PRD-123,CH1261564123,RFQ-123,"12M Multi Discount Certificate on AVGO, NVDA, BRK.B",USD,100000.0,0.6,0.3,0.15,0.03,1.08,1080.0,"12M Discount Certificate fee schedule: 60 bps distribution, 30 bps structuring, 15 bps p.a. management fee, 3 bps exchange clearing."
PRD-124,CH1261564124,RFQ-124,"12M Multi Twin-Win Certificate on SIE, SU, AI",EUR,150000.0,0.25,0.3,0.1,0.03,0.68,1020.0,"12M Twin-Win Certificate fee schedule: 25 bps distribution, 30 bps structuring, 10 bps p.a. management fee, 3 bps exchange clearing."
PRD-125,CH1261564125,RFQ-125,"3M Multi Discount Certificate on NFLX, TSLA",USD,250000.0,0.5,0.2,0.1,0.02,0.82,2050.0,"3M Discount Certificate fee schedule: 50 bps distribution, 20 bps structuring, 10 bps p.a. management fee, 2 bps exchange clearing."
PRD-126,CH1261564126,RFQ-126,"12M Multi Barrier Reverse Convertible on BP, AZN, ULVR, SHEL",GBP,150000.0,0.3,0.2,0.1,0.05,0.65,975.0,"12M Barrier Reverse Convertible fee schedule: 30 bps distribution, 20 bps structuring, 10 bps p.a. management fee, 5 bps exchange clearing."
PRD-127,CH1261564127,RFQ-127,"12M Multi Capital Protection on ABBN, UBSG, SCHN",CHF,500000.0,0.6,0.15,0.05,0.05,0.85,4250.0,"12M Capital Protection fee schedule: 60 bps distribution, 15 bps structuring, 5 bps p.a. management fee, 5 bps exchange clearing."
PRD-128,CH1261564128,RFQ-128,"3M Multi Outperformance Certificate on BRK.B, AAPL, NFLX, TSLA",USD,200000.0,0.4,0.25,0.05,0.03,0.73,1460.0,"3M Outperformance Certificate fee schedule: 40 bps distribution, 25 bps structuring, 5 bps p.a. management fee, 3 bps exchange clearing."
PRD-129,CH1261564129,RFQ-129,18M Express Certificate on AI,EUR,200000.0,0.4,0.2,0.0,0.05,0.65,1300.0,"18M Express Certificate fee schedule: 40 bps distribution, 20 bps structuring, 5 bps exchange clearing."
PRD-130,CH1261564130,RFQ-130,"24M Multi Autocallable BRC on ABBN, SIKA, LOGN, SLHN",CHF,100000.0,0.25,0.15,0.15,0.03,0.58,580.0,"24M Autocallable BRC fee schedule: 25 bps distribution, 15 bps structuring, 15 bps p.a. management fee, 3 bps exchange clearing."
PRD-131,CH1261564131,RFQ-131,"24M Multi Reverse Convertible on AMZN, NFLX, AAPL",USD,150000.0,0.25,0.3,0.1,0.02,0.67,1005.0,"24M Reverse Convertible fee schedule: 25 bps distribution, 30 bps structuring, 10 bps p.a. management fee, 2 bps exchange clearing."
PRD-132,CH1261564132,RFQ-132,"6M Multi Barrier Reverse Convertible on JPM, MSFT",USD,1000000.0,0.5,0.3,0.15,0.03,0.98,9800.0,"6M Barrier Reverse Convertible fee schedule: 50 bps distribution, 30 bps structuring, 15 bps p.a. management fee, 3 bps exchange clearing."
PRD-133,CH1261564133,RFQ-133,"9M Multi Capital Protection on ROG, GEBN, LONN",CHF,200000.0,0.6,0.3,0.1,0.02,1.02,2040.0,"9M Capital Protection fee schedule: 60 bps distribution, 30 bps structuring, 10 bps p.a. management fee, 2 bps exchange clearing."
PRD-134,CH1261564134,RFQ-134,"24M Multi Discount Certificate on AMD, AAPL, MSFT",USD,1000000.0,0.25,0.2,0.1,0.05,0.6,6000.0,"24M Discount Certificate fee schedule: 25 bps distribution, 20 bps structuring, 10 bps p.a. management fee, 5 bps exchange clearing."
PRD-135,CH1261564135,RFQ-135,"6M Multi Express Certificate on NFLX, BRK.B, QCOM, AVGO",USD,200000.0,0.5,0.15,0.1,0.02,0.77,1540.0,"6M Express Certificate fee schedule: 50 bps distribution, 15 bps structuring, 10 bps p.a. management fee, 2 bps exchange clearing."
PRD-136,CH1261564136,RFQ-136,"3M Multi Outperformance Certificate on SREN, NESN, STMN",CHF,500000.0,0.25,0.2,0.0,0.03,0.48,2400.0,"3M Outperformance Certificate fee schedule: 25 bps distribution, 20 bps structuring, 3 bps exchange clearing."
PRD-137,CH1261564137,RFQ-137,"12M Multi Reverse Convertible on AI, SU, SAN",EUR,250000.0,0.6,0.3,0.1,0.03,1.03,2575.0,"12M Reverse Convertible fee schedule: 60 bps distribution, 30 bps structuring, 10 bps p.a. management fee, 3 bps exchange clearing."
PRD-138,CH1261564138,RFQ-138,18M Capital Protection Certificate on DAX GY,EUR,500000.0,0.5,0.15,0.0,0.03,0.68,3400.0,"18M Capital Protection fee schedule: 50 bps distribution, 15 bps structuring, 3 bps exchange clearing."
PRD-139,CH1261564139,RFQ-139,"3M Multi Reverse Convertible on SU, TTE, SAN",EUR,150000.0,0.75,0.15,0.1,0.02,1.02,1530.0,"3M Reverse Convertible fee schedule: 75 bps distribution, 15 bps structuring, 10 bps p.a. management fee, 2 bps exchange clearing."
PRD-140,CH1261564140,RFQ-140,"12M Multi Autocallable BRC on SU, ASML",EUR,200000.0,0.4,0.2,0.0,0.03,0.63,1260.0,"12M Autocallable BRC fee schedule: 40 bps distribution, 20 bps structuring, 3 bps exchange clearing."
PRD-141,CH1261564141,RFQ-141,"24M Multi Express Certificate on SU, ALV, MUV2",EUR,150000.0,0.6,0.3,0.05,0.02,0.97,1455.0,"24M Express Certificate fee schedule: 60 bps distribution, 30 bps structuring, 5 bps p.a. management fee, 2 bps exchange clearing."
PRD-142,CH1261564142,RFQ-142,"6M Multi Outperformance Certificate on AMD, BRK.B",USD,150000.0,0.5,0.25,0.05,0.02,0.82,1230.0,"6M Outperformance Certificate fee schedule: 50 bps distribution, 25 bps structuring, 5 bps p.a. management fee, 2 bps exchange clearing."
PRD-143,CH1261564143,RFQ-143,"6M Multi Autocallable BRC on V, NFLX",USD,250000.0,0.75,0.25,0.15,0.03,1.18,2950.0,"6M Autocallable BRC fee schedule: 75 bps distribution, 25 bps structuring, 15 bps p.a. management fee, 3 bps exchange clearing."
PRD-144,CH1261564144,RFQ-144,"3M Multi Outperformance Certificate on ALV, ASML",EUR,100000.0,0.5,0.15,0.1,0.05,0.8,800.0,"3M Outperformance Certificate fee schedule: 50 bps distribution, 15 bps structuring, 10 bps p.a. management fee, 5 bps exchange clearing."
PRD-145,CH1261564145,RFQ-145,"3M Multi Express Certificate on TSLA, AVGO, CRM",USD,500000.0,0.3,0.2,0.0,0.03,0.53,2650.0,"3M Express Certificate fee schedule: 30 bps distribution, 20 bps structuring, 3 bps exchange clearing."
PRD-146,CH1261564146,RFQ-146,"9M Multi Barrier Reverse Convertible on MC, AI",EUR,100000.0,0.6,0.15,0.15,0.03,0.93,930.0,"9M Barrier Reverse Convertible fee schedule: 60 bps distribution, 15 bps structuring, 15 bps p.a. management fee, 3 bps exchange clearing."
PRD-147,CH1261564147,RFQ-147,"3M Multi Barrier Reverse Convertible on V, TSLA, BRK.B",USD,250000.0,0.5,0.25,0.1,0.05,0.9,2250.0,"3M Barrier Reverse Convertible fee schedule: 50 bps distribution, 25 bps structuring, 10 bps p.a. management fee, 5 bps exchange clearing."
PRD-148,CH1261564148,RFQ-148,3Y Autocallable BRC on TSLA,USD,150000.0,0.25,0.25,0.1,0.03,0.63,945.0,"3Y Autocallable BRC fee schedule: 25 bps distribution, 25 bps structuring, 10 bps p.a. management fee, 3 bps exchange clearing."
PRD-149,CH1261564149,RFQ-149,"6M Multi Outperformance Certificate on NVDA, MSFT, NFLX",USD,250000.0,0.6,0.15,0.15,0.05,0.95,2375.0,"6M Outperformance Certificate fee schedule: 60 bps distribution, 15 bps structuring, 15 bps p.a. management fee, 5 bps exchange clearing."
PRD-150,CH1261564150,RFQ-150,"3M Multi Express Certificate on SU, MUV2",EUR,500000.0,0.25,0.15,0.15,0.02,0.57,2850.0,"3M Express Certificate fee schedule: 25 bps distribution, 15 bps structuring, 15 bps p.a. management fee, 2 bps exchange clearing."
PRD-151,CH1261564151,RFQ-151,"9M Multi Twin-Win Certificate on SCMN, CFR",CHF,50000.0,0.5,0.3,0.1,0.03,0.93,465.0,"9M Twin-Win Certificate fee schedule: 50 bps distribution, 30 bps structuring, 10 bps p.a. management fee, 3 bps exchange clearing."
PRD-152,CH1261564152,RFQ-152,"9M Multi Autocallable BRC on UBSG, CFR, SLHN",CHF,50000.0,0.6,0.25,0.0,0.03,0.88,440.0,"9M Autocallable BRC fee schedule: 60 bps distribution, 25 bps structuring, 3 bps exchange clearing."
PRD-153,CH1261564153,RFQ-153,12M Barrier Reverse Convertible on ALV,EUR,250000.0,0.5,0.25,0.0,0.03,0.78,1950.0,"12M Barrier Reverse Convertible fee schedule: 50 bps distribution, 25 bps structuring, 3 bps exchange clearing."
PRD-154,CH1261564154,RFQ-154,12M Capital Protection Certificate on SX5E EU,EUR,150000.0,0.4,0.2,0.0,0.02,0.62,930.0,"12M Capital Protection fee schedule: 40 bps distribution, 20 bps structuring, 2 bps exchange clearing."
PRD-155,CH1261564155,RFQ-155,6M Capital Protection on ABBN,CHF,200000.0,0.4,0.25,0.0,0.05,0.7,1400.0,"6M Capital Protection fee schedule: 40 bps distribution, 25 bps structuring, 5 bps exchange clearing."
PRD-156,CH1261564156,RFQ-156,"18M Multi Autocallable BRC on AI, SAN, ALV, ASML",EUR,50000.0,0.6,0.2,0.05,0.03,0.88,440.0,"18M Autocallable BRC fee schedule: 60 bps distribution, 20 bps structuring, 5 bps p.a. management fee, 3 bps exchange clearing."
PRD-157,CH1261564157,RFQ-157,"12M Multi Discount Certificate on MUV2, RACE, ASML",EUR,500000.0,0.75,0.3,0.0,0.05,1.1,5500.0,"12M Discount Certificate fee schedule: 75 bps distribution, 30 bps structuring, 5 bps exchange clearing."
PRD-158,CH1261564158,RFQ-158,"9M Multi Autocallable BRC on V, BRK.B, QCOM, META",USD,500000.0,0.6,0.15,0.05,0.05,0.85,4250.0,"9M Autocallable BRC fee schedule: 60 bps distribution, 15 bps structuring, 5 bps p.a. management fee, 5 bps exchange clearing."
PRD-159,CH1261564159,RFQ-159,"6M Multi Discount Certificate on ABBN, SCHN",CHF,200000.0,0.5,0.25,0.1,0.05,0.9,1800.0,"6M Discount Certificate fee schedule: 50 bps distribution, 25 bps structuring, 10 bps p.a. management fee, 5 bps exchange clearing."
PRD-160,CH1261564160,RFQ-160,"3Y Multi Reverse Convertible on GOOGL, NFLX",USD,50000.0,0.25,0.2,0.1,0.03,0.58,290.0,"3Y Reverse Convertible fee schedule: 25 bps distribution, 20 bps structuring, 10 bps p.a. management fee, 3 bps exchange clearing."
PRD-161,CH1261564161,RFQ-161,"3M Multi Discount Certificate on AI, TTE, SIE",EUR,1000000.0,0.25,0.25,0.0,0.02,0.52,5200.0,"3M Discount Certificate fee schedule: 25 bps distribution, 25 bps structuring, 2 bps exchange clearing."
PRD-162,CH1261564162,RFQ-162,"3M Multi Discount Certificate on AVGO, GOOGL, MSFT",USD,1000000.0,0.75,0.2,0.0,0.03,0.98,9800.0,"3M Discount Certificate fee schedule: 75 bps distribution, 20 bps structuring, 3 bps exchange clearing."
PRD-163,CH1261564163,RFQ-163,"6M Multi Outperformance Certificate on NFLX, NVDA, BRK.B, QCOM",USD,250000.0,0.3,0.3,0.1,0.05,0.75,1875.0,"6M Outperformance Certificate fee schedule: 30 bps distribution, 30 bps structuring, 10 bps p.a. management fee, 5 bps exchange clearing."
PRD-164,CH1261564164,RFQ-164,"3M Multi Reverse Convertible on NOVN, CFR, SIKA",CHF,200000.0,0.4,0.25,0.0,0.03,0.68,1360.0,"3M Reverse Convertible fee schedule: 40 bps distribution, 25 bps structuring, 3 bps exchange clearing."
PRD-165,CH1261564165,RFQ-165,"24M Multi Discount Certificate on V, META, NVDA",USD,50000.0,0.5,0.25,0.0,0.02,0.77,385.0,"24M Discount Certificate fee schedule: 50 bps distribution, 25 bps structuring, 2 bps exchange clearing."
PRD-166,CH1261564166,RFQ-166,"9M Multi Discount Certificate on META, AAPL, NVDA, JPM",USD,250000.0,0.6,0.15,0.05,0.03,0.83,2075.0,"9M Discount Certificate fee schedule: 60 bps distribution, 15 bps structuring, 5 bps p.a. management fee, 3 bps exchange clearing."
PRD-167,CH1261564167,RFQ-167,18M Capital Protection Certificate on NDX US,USD,50000.0,0.75,0.25,0.05,0.05,1.1,550.0,"18M Capital Protection fee schedule: 75 bps distribution, 25 bps structuring, 5 bps p.a. management fee, 5 bps exchange clearing."
PRD-168,CH1261564168,RFQ-168,"9M Multi Express Certificate on ABBN, SCMN",CHF,100000.0,0.6,0.15,0.0,0.03,0.78,780.0,"9M Express Certificate fee schedule: 60 bps distribution, 15 bps structuring, 3 bps exchange clearing."
PRD-169,CH1261564169,RFQ-169,"12M Multi Twin-Win Certificate on LLY, NVDA, NFLX, V",USD,50000.0,0.3,0.25,0.0,0.05,0.6,300.0,"12M Twin-Win Certificate fee schedule: 30 bps distribution, 25 bps structuring, 5 bps exchange clearing."
PRD-170,CH1261564170,RFQ-170,"18M Multi Autocallable BRC on LOGN, SCHN",CHF,150000.0,0.6,0.3,0.15,0.05,1.1,1650.0,"18M Autocallable BRC fee schedule: 60 bps distribution, 30 bps structuring, 15 bps p.a. management fee, 5 bps exchange clearing."
PRD-171,CH1261564171,RFQ-171,"24M Multi Express Certificate on SLHN, GEBN, ALC",CHF,200000.0,0.4,0.2,0.1,0.02,0.72,1440.0,"24M Express Certificate fee schedule: 40 bps distribution, 20 bps structuring, 10 bps p.a. management fee, 2 bps exchange clearing."
PRD-172,CH1261564172,RFQ-172,6M Capital Protection Certificate on SMI,CHF,200000.0,0.4,0.15,0.0,0.03,0.58,1160.0,"6M Capital Protection fee schedule: 40 bps distribution, 15 bps structuring, 3 bps exchange clearing."
PRD-173,CH1261564173,RFQ-173,"9M Multi Twin-Win Certificate on AAPL, NFLX, MSFT, TSLA",USD,250000.0,0.6,0.25,0.0,0.02,0.87,2175.0,"9M Twin-Win Certificate fee schedule: 60 bps distribution, 25 bps structuring, 2 bps exchange clearing."
PRD-174,CH1261564174,RFQ-174,18M Discount Certificate on MSFT,USD,200000.0,0.6,0.3,0.15,0.03,1.08,2160.0,"18M Discount Certificate fee schedule: 60 bps distribution, 30 bps structuring, 15 bps p.a. management fee, 3 bps exchange clearing."
PRD-175,CH1261564175,RFQ-175,"9M Multi Barrier Reverse Convertible on AMZN, TSLA, JPM",USD,200000.0,0.3,0.3,0.0,0.05,0.65,1300.0,"9M Barrier Reverse Convertible fee schedule: 30 bps distribution, 30 bps structuring, 5 bps exchange clearing."
PRD-176,CH1261564176,RFQ-176,6M Autocallable BRC on HOLN,CHF,100000.0,0.4,0.25,0.05,0.05,0.75,750.0,"6M Autocallable BRC fee schedule: 40 bps distribution, 25 bps structuring, 5 bps p.a. management fee, 5 bps exchange clearing."
PRD-177,CH1261564177,RFQ-177,9M Capital Protection Certificate on SPX US,USD,1000000.0,0.4,0.3,0.05,0.05,0.8,8000.0,"9M Capital Protection fee schedule: 40 bps distribution, 30 bps structuring, 5 bps p.a. management fee, 5 bps exchange clearing."
PRD-178,CH1261564178,RFQ-178,9M Express Certificate on RACE,EUR,1000000.0,0.25,0.25,0.0,0.03,0.53,5300.0,"9M Express Certificate fee schedule: 25 bps distribution, 25 bps structuring, 3 bps exchange clearing."
PRD-179,CH1261564179,RFQ-179,"24M Multi Express Certificate on SIE, MUV2, AI",EUR,250000.0,0.3,0.3,0.1,0.03,0.73,1825.0,"24M Express Certificate fee schedule: 30 bps distribution, 30 bps structuring, 10 bps p.a. management fee, 3 bps exchange clearing."
PRD-180,CH1261564180,RFQ-180,"9M Multi Express Certificate on MSFT, CRM, V",USD,50000.0,0.6,0.15,0.05,0.03,0.83,415.0,"9M Express Certificate fee schedule: 60 bps distribution, 15 bps structuring, 5 bps p.a. management fee, 3 bps exchange clearing."
PRD-181,CH1261564181,RFQ-181,"6M Multi Twin-Win Certificate on CRM, GOOGL, AMZN, V",USD,150000.0,0.3,0.2,0.15,0.05,0.7,1050.0,"6M Twin-Win Certificate fee schedule: 30 bps distribution, 20 bps structuring, 15 bps p.a. management fee, 5 bps exchange clearing."
PRD-182,CH1261564182,RFQ-182,"18M Multi Discount Certificate on SAP, SAN, MUV2",EUR,200000.0,0.4,0.15,0.05,0.05,0.65,1300.0,"18M Discount Certificate fee schedule: 40 bps distribution, 15 bps structuring, 5 bps p.a. management fee, 5 bps exchange clearing."
PRD-183,CH1261564183,RFQ-183,"3M Multi Capital Protection on CFR, ABBN, ALC",CHF,500000.0,0.6,0.2,0.0,0.05,0.85,4250.0,"3M Capital Protection fee schedule: 60 bps distribution, 20 bps structuring, 5 bps exchange clearing."
PRD-184,CH1261564184,RFQ-184,"18M Multi Autocallable BRC on AI, TTE, SAP",EUR,250000.0,0.5,0.15,0.0,0.05,0.7,1750.0,"18M Autocallable BRC fee schedule: 50 bps distribution, 15 bps structuring, 5 bps exchange clearing."
PRD-185,CH1261564185,RFQ-185,"18M Multi Autocallable BRC on MSFT, AVGO, NVDA",USD,150000.0,0.75,0.3,0.05,0.03,1.13,1695.0,"18M Autocallable BRC fee schedule: 75 bps distribution, 30 bps structuring, 5 bps p.a. management fee, 3 bps exchange clearing."
PRD-186,CH1261564186,RFQ-186,12M Discount Certificate on GOOGL,USD,200000.0,0.25,0.15,0.05,0.03,0.48,960.0,"12M Discount Certificate fee schedule: 25 bps distribution, 15 bps structuring, 5 bps p.a. management fee, 3 bps exchange clearing."
PRD-187,CH1261564187,RFQ-187,"18M Multi Discount Certificate on AVGO, AMZN, QCOM",USD,50000.0,0.75,0.15,0.0,0.05,0.95,475.0,"18M Discount Certificate fee schedule: 75 bps distribution, 15 bps structuring, 5 bps exchange clearing."
PRD-188,CH1261564188,RFQ-188,"6M Multi Twin-Win Certificate on SIKA, NOVN, ZURN, SREN",CHF,1000000.0,0.75,0.3,0.15,0.03,1.23,12300.0,"6M Twin-Win Certificate fee schedule: 75 bps distribution, 30 bps structuring, 15 bps p.a. management fee, 3 bps exchange clearing."
PRD-189,CH1261564189,RFQ-189,"24M Multi Outperformance Certificate on SREN, GIVN, PGHN",CHF,1000000.0,0.6,0.15,0.0,0.02,0.77,7700.0,"24M Outperformance Certificate fee schedule: 60 bps distribution, 15 bps structuring, 2 bps exchange clearing."
PRD-190,CH1261564190,RFQ-190,12M Capital Protection Certificate on DAX GY,EUR,100000.0,0.4,0.2,0.05,0.03,0.68,680.0,"12M Capital Protection fee schedule: 40 bps distribution, 20 bps structuring, 5 bps p.a. management fee, 3 bps exchange clearing."
PRD-191,CH1261564191,RFQ-191,24M Capital Protection Certificate on NDX US,USD,500000.0,0.75,0.3,0.1,0.02,1.17,5850.0,"24M Capital Protection fee schedule: 75 bps distribution, 30 bps structuring, 10 bps p.a. management fee, 2 bps exchange clearing."
PRD-192,CH1261564192,RFQ-192,"6M Multi Outperformance Certificate on QCOM, NVDA",USD,1000000.0,0.25,0.2,0.15,0.03,0.63,6300.0,"6M Outperformance Certificate fee schedule: 25 bps distribution, 20 bps structuring, 15 bps p.a. management fee, 3 bps exchange clearing."
PRD-193,CH1261564193,RFQ-193,"24M Multi Twin-Win Certificate on NESN, SCHN, STMN",CHF,150000.0,0.4,0.25,0.1,0.02,0.77,1155.0,"24M Twin-Win Certificate fee schedule: 40 bps distribution, 25 bps structuring, 10 bps p.a. management fee, 2 bps exchange clearing."
PRD-194,CH1261564194,RFQ-194,"12M Multi Discount Certificate on GEBN, SCHN, CFR, ROG",CHF,100000.0,0.4,0.15,0.15,0.02,0.72,720.0,"12M Discount Certificate fee schedule: 40 bps distribution, 15 bps structuring, 15 bps p.a. management fee, 2 bps exchange clearing."
PRD-195,CH1261564195,RFQ-195,9M Twin-Win Certificate on ROG,CHF,50000.0,0.5,0.25,0.1,0.05,0.9,450.0,"9M Twin-Win Certificate fee schedule: 50 bps distribution, 25 bps structuring, 10 bps p.a. management fee, 5 bps exchange clearing."
PRD-196,CH1261564196,RFQ-196,"18M Multi Autocallable BRC on NOVN, UBSG, PGHN",CHF,200000.0,0.75,0.25,0.1,0.03,1.13,2260.0,"18M Autocallable BRC fee schedule: 75 bps distribution, 25 bps structuring, 10 bps p.a. management fee, 3 bps exchange clearing."
PRD-197,CH1261564197,RFQ-197,"12M Multi Discount Certificate on LOGN, ALC",CHF,50000.0,0.4,0.15,0.0,0.02,0.57,285.0,"12M Discount Certificate fee schedule: 40 bps distribution, 15 bps structuring, 2 bps exchange clearing."
PRD-198,CH1261564198,RFQ-198,"9M Multi Twin-Win Certificate on SAP, MC, MUV2",EUR,50000.0,0.4,0.3,0.0,0.03,0.73,365.0,"9M Twin-Win Certificate fee schedule: 40 bps distribution, 30 bps structuring, 3 bps exchange clearing."
PRD-199,CH1261564199,RFQ-199,"24M Multi Autocallable BRC on AVGO, JPM, AMD, NVDA",USD,150000.0,0.4,0.25,0.0,0.05,0.7,1050.0,"24M Autocallable BRC fee schedule: 40 bps distribution, 25 bps structuring, 5 bps exchange clearing."
PRD-200,CH1261564200,RFQ-200,12M Capital Protection Certificate on NDX US,USD,1000000.0,0.5,0.25,0.1,0.03,0.88,8800.0,"12M Capital Protection fee schedule: 50 bps distribution, 25 bps structuring, 10 bps p.a. management fee, 3 bps exchange clearing."
