product_id,isin,rfq_id,name,ticker,asset_class,currency,spot_price,strike_level_pct,barrier_level_pct,current_price,performance_pct,barrier_hit,distance_to_barrier_pct
PRD-101,CH1261564201,RFQ-101,Nestlé SA,NESN SW,Equity,CHF,94.2,100.0,65.0,93.5,-0.74,False,34.2
PRD-101,CH1261564201,RFQ-101,Novartis AG,NOVN SW,Equity,CHF,98.4,100.0,65.0,101.2,2.85,False,37.85
PRD-101,CH1261564201,RFQ-101,Roche Holding AG,ROG SW,Equity,CHF,245.0,100.0,65.0,242.1,-1.18,False,33.82
PRD-102,CH1261564202,RFQ-102,Apple Inc.,AAPL US,Equity,USD,225.0,100.0,70.0,228.5,1.56,False,31.56
PRD-102,CH1261564202,RFQ-102,Microsoft Corporation,MSFT US,Equity,USD,430.0,100.0,70.0,425.0,-1.16,False,28.84
PRD-102,CH1261564202,RFQ-102,NVIDIA Corporation,NVDA US,Equity,USD,120.0,100.0,70.0,124.8,4.0,False,34.0
PRD-103,CH1261564203,RFQ-103,Euro Stoxx 50 Index,SX5E EU,Equity Index,EUR,4900.0,100.0,,4950.0,1.02,False,
PRD-104,CH1261564204,RFQ-104,ABB Ltd,ABBN SW,Equity,CHF,48.5,100.0,60.0,47.9,-1.24,False,38.76
PRD-104,CH1261564204,RFQ-104,Sika AG,SIKA SW,Equity,CHF,265.0,100.0,60.0,270.2,1.96,False,41.96
PRD-104,CH1261564204,RFQ-104,Geberit AG,GEBN SW,Equity,CHF,540.0,100.0,60.0,538.0,-0.37,False,39.63
PRD-105,CH1261564205,RFQ-105,Tesla Inc.,TSLA US,Equity,USD,215.0,100.0,75.0,202.0,-6.05,False,18.95
PRD-105,CH1261564205,RFQ-105,Amazon.com Inc.,AMZN US,Equity,USD,185.0,100.0,75.0,189.5,2.43,False,27.43
PRD-106,CH1261564106,RFQ-106,Broadcom Inc.,AVGO US,Equity,USD,172.0,100.0,55.0,181.37,5.45,False,50.45
PRD-106,CH1261564106,RFQ-106,Amazon.com Inc.,AMZN US,Equity,USD,188.0,100.0,55.0,216.48,15.15,False,60.15
PRD-106,CH1261564106,RFQ-106,NVIDIA Corporation,NVDA US,Equity,USD,122.5,100.0,55.0,96.66,-21.09,False,23.91
PRD-107,CH1261564107,RFQ-107,Tesla Inc.,TSLA US,Equity,USD,218.0,100.0,65.0,173.53,-20.4,False,14.6
PRD-107,CH1261564107,RFQ-107,Visa Inc.,V US,Equity,USD,282.0,100.0,65.0,259.72,-7.9,False,27.1
PRD-108,CH1261564108,RFQ-108,Swiss Market Index,SMI,Equity Index,CHF,12150.0,100.0,,12880.22,6.01,False,
PRD-109,CH1261564109,RFQ-109,Siemens AG,SIE GY,Equity,EUR,178.0,100.0,75.0,203.7,14.44,False,39.44
PRD-110,CH1261564110,RFQ-110,Zurich Insurance Group AG,ZURN SW,Equity,CHF,512.0,100.0,60.0,566.48,10.64,False,50.64
PRD-111,CH1261564111,RFQ-111,Straumann Holding AG,STMN SW,Equity,CHF,122.0,100.0,55.0,124.38,1.95,False,46.95
PRD-111,CH1261564111,RFQ-111,Swiss Re AG,SREN SW,Equity,CHF,116.0,100.0,55.0,112.51,-3.01,False,41.99
PRD-112,CH1261564112,RFQ-112,Lonza Group AG,LONN SW,Equity,CHF,520.0,100.0,75.0,489.01,-5.96,False,19.04
PRD-112,CH1261564112,RFQ-112,Swiss Re AG,SREN SW,Equity,CHF,116.0,100.0,75.0,98.05,-15.47,False,9.53
PRD-113,CH1261564113,RFQ-113,Qualcomm Inc.,QCOM US,Equity,USD,168.0,100.0,70.0,140.4,-16.43,False,13.57
PRD-113,CH1261564113,RFQ-113,Amazon.com Inc.,AMZN US,Equity,USD,188.0,100.0,70.0,149.2,-20.64,False,9.36
PRD-113,CH1261564113,RFQ-113,Visa Inc.,V US,Equity,USD,282.0,100.0,70.0,266.21,-5.6,False,24.4
PRD-113,CH1261564113,RFQ-113,Broadcom Inc.,AVGO US,Equity,USD,172.0,100.0,70.0,161.78,-5.94,False,24.06
PRD-114,CH1261564114,RFQ-114,Microsoft Corporation,MSFT US,Equity,USD,428.0,100.0,55.0,510.78,19.34,False,64.34
PRD-114,CH1261564114,RFQ-114,NVIDIA Corporation,NVDA US,Equity,USD,122.5,100.0,55.0,106.49,-13.07,False,31.93
PRD-114,CH1261564114,RFQ-114,Tesla Inc.,TSLA US,Equity,USD,218.0,100.0,55.0,240.41,10.28,False,55.28
PRD-115,CH1261564115,RFQ-115,Roche Holding AG,ROG SW,Equity,CHF,248.0,100.0,75.0,213.48,-13.92,False,11.08
PRD-115,CH1261564115,RFQ-115,Geberit AG,GEBN SW,Equity,CHF,535.0,100.0,75.0,544.36,1.75,False,26.75
PRD-115,CH1261564115,RFQ-115,Alcon AG,ALC SW,Equity,CHF,84.0,100.0,75.0,86.41,2.87,False,27.87
PRD-115,CH1261564115,RFQ-115,UBS Group AG,UBSG SW,Equity,CHF,27.5,100.0,75.0,25.81,-6.13,False,18.85
PRD-116,CH1261564116,RFQ-116,DAX 40 Index,DAX GY,Equity Index,EUR,19200.0,100.0,,21346.56,11.18,False,
PRD-117,CH1261564117,RFQ-117,Novartis AG,NOVN SW,Equity,CHF,99.0,100.0,60.0,102.63,3.67,False,43.67
PRD-117,CH1261564117,RFQ-117,Nestlé SA,NESN SW,Equity,CHF,92.5,100.0,60.0,80.28,-13.21,False,26.79
PRD-117,CH1261564117,RFQ-117,Givaudan SA,GIVN SW,Equity,CHF,4150.0,100.0,60.0,4496.94,8.36,False,48.36
PRD-118,CH1261564118,RFQ-118,Geberit AG,GEBN SW,Equity,CHF,535.0,100.0,65.0,589.09,10.11,False,45.11
PRD-118,CH1261564118,RFQ-118,UBS Group AG,UBSG SW,Equity,CHF,27.5,100.0,65.0,31.57,14.79,False,49.8
PRD-119,CH1261564119,RFQ-119,Allianz SE,ALV GY,Equity,EUR,285.0,100.0,65.0,318.97,11.92,False,46.92
PRD-119,CH1261564119,RFQ-119,TotalEnergies SE,TTE FP,Equity,EUR,61.5,100.0,65.0,70.24,14.21,False,49.21
PRD-120,CH1261564120,RFQ-120,Ferrari NV,RACE IM,Equity,EUR,420.0,100.0,55.0,335.5,-20.12,False,24.88
PRD-120,CH1261564120,RFQ-120,Schneider Electric SE,SU FP,Equity,EUR,240.0,100.0,55.0,226.94,-5.44,False,39.56
PRD-121,CH1261564121,RFQ-121,Munich Re,MUV2 GY,Equity,EUR,480.0,100.0,75.0,426.82,-11.08,False,13.92
PRD-121,CH1261564121,RFQ-121,SAP SE,SAP GY,Equity,EUR,202.0,100.0,75.0,188.63,-6.62,False,18.38
PRD-121,CH1261564121,RFQ-121,Schneider Electric SE,SU FP,Equity,EUR,240.0,100.0,75.0,223.46,-6.89,False,18.11
PRD-122,CH1261564122,RFQ-122,S&P 500 Index,SPX US,Equity Index,USD,5750.0,100.0,,6161.12,7.15,False,
PRD-123,CH1261564123,RFQ-123,Broadcom Inc.,AVGO US,Equity,USD,172.0,100.0,55.0,198.09,15.17,False,60.17
PRD-123,CH1261564123,RFQ-123,NVIDIA Corporation,NVDA US,Equity,USD,122.5,100.0,55.0,139.31,13.72,False,58.72
PRD-123,CH1261564123,RFQ-123,Berkshire Hathaway Inc.,BRK.B US,Equity,USD,455.0,100.0,55.0,522.57,14.85,False,59.85
PRD-124,CH1261564124,RFQ-124,Siemens AG,SIE GY,Equity,EUR,178.0,100.0,70.0,183.7,3.2,False,33.2
PRD-124,CH1261564124,RFQ-124,Schneider Electric SE,SU FP,Equity,EUR,240.0,100.0,70.0,209.66,-12.64,False,17.36
PRD-124,CH1261564124,RFQ-124,Air Liquide SA,AI FP,Equity,EUR,170.0,100.0,70.0,133.43,-21.51,False,8.49
PRD-125,CH1261564125,RFQ-125,Netflix Inc.,NFLX US,Equity,USD,710.0,100.0,75.0,834.75,17.57,False,42.57
PRD-125,CH1261564125,RFQ-125,Tesla Inc.,TSLA US,Equity,USD,218.0,100.0,75.0,165.42,-24.12,False,0.88
PRD-126,CH1261564126,RFQ-126,BP PLC,BP LN,Equity,GBP,4.2,100.0,60.0,4.79,14.01,False,54.05
PRD-126,CH1261564126,RFQ-126,AstraZeneca PLC,AZN LN,Equity,GBP,120.0,100.0,60.0,99.82,-16.82,False,23.18
PRD-126,CH1261564126,RFQ-126,Unilever PLC,ULVR LN,Equity,GBP,48.0,100.0,60.0,41.62,-13.29,False,26.71
PRD-126,CH1261564126,RFQ-126,Shell PLC,SHEL LN,Equity,GBP,27.5,100.0,60.0,24.68,-10.27,False,29.75
PRD-127,CH1261564127,RFQ-127,ABB Ltd,ABBN SW,Equity,CHF,49.2,100.0,,58.26,18.41,False,
PRD-127,CH1261564127,RFQ-127,UBS Group AG,UBSG SW,Equity,CHF,27.5,100.0,,21.96,-20.14,False,
PRD-127,CH1261564127,RFQ-127,Schindler Holding AG,SCHN SW,Equity,CHF,238.0,100.0,,181.26,-23.84,False,
PRD-128,CH1261564128,RFQ-128,Berkshire Hathaway Inc.,BRK.B US,Equity,USD,455.0,100.0,70.0,362.86,-20.25,False,9.75
PRD-128,CH1261564128,RFQ-128,Apple Inc.,AAPL US,Equity,USD,228.0,100.0,70.0,269.59,18.24,False,48.24
PRD-128,CH1261564128,RFQ-128,Netflix Inc.,NFLX US,Equity,USD,710.0,100.0,70.0,735.56,3.6,False,33.6
PRD-128,CH1261564128,RFQ-128,Tesla Inc.,TSLA US,Equity,USD,218.0,100.0,70.0,244.79,12.29,False,42.29
PRD-129,CH1261564129,RFQ-129,Air Liquide SA,AI FP,Equity,EUR,170.0,100.0,60.0,134.04,-21.15,False,18.85
PRD-130,CH1261564130,RFQ-130,ABB Ltd,ABBN SW,Equity,CHF,49.2,100.0,65.0,52.94,7.61,False,42.6
PRD-130,CH1261564130,RFQ-130,Sika AG,SIKA SW,Equity,CHF,262.0,100.0,65.0,311.65,18.95,False,53.95
PRD-130,CH1261564130,RFQ-130,Logitech International SA,LOGN SW,Equity,CHF,78.5,100.0,65.0,77.41,-1.39,False,33.61
PRD-130,CH1261564130,RFQ-130,Swiss Life Holding AG,SLHN SW,Equity,CHF,695.0,100.0,65.0,609.72,-12.27,False,22.73
PRD-131,CH1261564131,RFQ-131,Amazon.com Inc.,AMZN US,Equity,USD,188.0,100.0,75.0,165.06,-12.2,False,12.8
PRD-131,CH1261564131,RFQ-131,Netflix Inc.,NFLX US,Equity,USD,710.0,100.0,75.0,685.43,-3.46,False,21.54
PRD-131,CH1261564131,RFQ-131,Apple Inc.,AAPL US,Equity,USD,228.0,100.0,75.0,205.95,-9.67,False,15.33
PRD-132,CH1261564132,RFQ-132,JPMorgan Chase & Co.,JPM US,Equity,USD,215.0,100.0,60.0,172.71,-19.67,False,20.33
PRD-132,CH1261564132,RFQ-132,Microsoft Corporation,MSFT US,Equity,USD,428.0,100.0,60.0,468.23,9.4,False,49.4
PRD-133,CH1261564133,RFQ-133,Roche Holding AG,ROG SW,Equity,CHF,248.0,100.0,,273.92,10.45,False,
PRD-133,CH1261564133,RFQ-133,Geberit AG,GEBN SW,Equity,CHF,535.0,100.0,,551.75,3.13,False,
PRD-133,CH1261564133,RFQ-133,Lonza Group AG,LONN SW,Equity,CHF,520.0,100.0,,544.7,4.75,False,
PRD-134,CH1261564134,RFQ-134,Advanced Micro Devices Inc.,AMD US,Equity,USD,155.0,100.0,60.0,183.35,18.29,False,58.29
PRD-134,CH1261564134,RFQ-134,Apple Inc.,AAPL US,Equity,USD,228.0,100.0,60.0,256.77,12.62,False,52.62
PRD-134,CH1261564134,RFQ-134,Microsoft Corporation,MSFT US,Equity,USD,428.0,100.0,60.0,431.77,0.88,False,40.88
PRD-135,CH1261564135,RFQ-135,Netflix Inc.,NFLX US,Equity,USD,710.0,100.0,55.0,682.66,-3.85,False,41.15
PRD-135,CH1261564135,RFQ-135,Berkshire Hathaway Inc.,BRK.B US,Equity,USD,455.0,100.0,55.0,424.88,-6.62,False,38.38
PRD-135,CH1261564135,RFQ-135,Qualcomm Inc.,QCOM US,Equity,USD,168.0,100.0,55.0,150.28,-10.55,False,34.45
PRD-135,CH1261564135,RFQ-135,Broadcom Inc.,AVGO US,Equity,USD,172.0,100.0,55.0,137.1,-20.29,False,24.71
PRD-136,CH1261564136,RFQ-136,Swiss Re AG,SREN SW,Equity,CHF,116.0,100.0,70.0,108.58,-6.4,False,23.6
PRD-136,CH1261564136,RFQ-136,Nestlé SA,NESN SW,Equity,CHF,92.5,100.0,70.0,77.18,-16.56,False,13.44
PRD-136,CH1261564136,RFQ-136,Straumann Holding AG,STMN SW,Equity,CHF,122.0,100.0,70.0,111.36,-8.72,False,21.28
PRD-137,CH1261564137,RFQ-137,Air Liquide SA,AI FP,Equity,EUR,170.0,100.0,70.0,202.49,19.11,False,49.11
PRD-137,CH1261564137,RFQ-137,Schneider Electric SE,SU FP,Equity,EUR,240.0,100.0,70.0,206.33,-14.03,False,15.97
PRD-137,CH1261564137,RFQ-137,Sanofi SA,SAN FP,Equity,EUR,98.0,100.0,70.0,97.81,-0.19,False,29.81
PRD-138,CH1261564138,RFQ-138,DAX 40 Index,DAX GY,Equity Index,EUR,19200.0,100.0,,17856.0,-7.0,False,
PRD-139,CH1261564139,RFQ-139,Schneider Electric SE,SU FP,Equity,EUR,240.0,100.0,55.0,271.99,13.33,False,58.33
PRD-139,CH1261564139,RFQ-139,TotalEnergies SE,TTE FP,Equity,EUR,61.5,100.0,55.0,69.72,13.36,False,58.37
PRD-139,CH1261564139,RFQ-139,Sanofi SA,SAN FP,Equity,EUR,98.0,100.0,55.0,111.4,13.67,False,58.67
PRD-140,CH1261564140,RFQ-140,Schneider Electric SE,SU FP,Equity,EUR,240.0,100.0,55.0,215.04,-10.4,False,34.6
PRD-140,CH1261564140,RFQ-140,ASML Holding NV,ASML NA,Equity,EUR,780.0,100.0,55.0,604.73,-22.47,False,22.53
PRD-141,CH1261564141,RFQ-141,Schneider Electric SE,SU FP,Equity,EUR,240.0,100.0,60.0,287.93,19.97,False,59.97
PRD-141,CH1261564141,RFQ-141,Allianz SE,ALV GY,Equity,EUR,285.0,100.0,60.0,323.19,13.4,False,53.4
PRD-141,CH1261564141,RFQ-141,Munich Re,MUV2 GY,Equity,EUR,480.0,100.0,60.0,383.04,-20.2,False,19.8
PRD-142,CH1261564142,RFQ-142,Advanced Micro Devices Inc.,AMD US,Equity,USD,155.0,100.0,60.0,160.07,3.27,False,43.27
PRD-142,CH1261564142,RFQ-142,Berkshire Hathaway Inc.,BRK.B US,Equity,USD,455.0,100.0,60.0,526.21,15.65,False,55.65
PRD-143,CH1261564143,RFQ-143,Visa Inc.,V US,Equity,USD,282.0,100.0,75.0,257.92,-8.54,False,16.46
PRD-143,CH1261564143,RFQ-143,Netflix Inc.,NFLX US,Equity,USD,710.0,100.0,75.0,785.12,10.58,False,35.58
PRD-144,CH1261564144,RFQ-144,Allianz SE,ALV GY,Equity,EUR,285.0,100.0,75.0,327.15,14.79,False,39.79
PRD-144,CH1261564144,RFQ-144,ASML Holding NV,ASML NA,Equity,EUR,780.0,100.0,75.0,782.03,0.26,False,25.26
PRD-145,CH1261564145,RFQ-145,Tesla Inc.,TSLA US,Equity,USD,218.0,100.0,60.0,247.43,13.5,False,53.5
PRD-145,CH1261564145,RFQ-145,Broadcom Inc.,AVGO US,Equity,USD,172.0,100.0,60.0,136.69,-20.53,False,19.47
PRD-145,CH1261564145,RFQ-145,Salesforce Inc.,CRM US,Equity,USD,270.0,100.0,60.0,285.82,5.86,False,45.86
PRD-146,CH1261564146,RFQ-146,LVMH Moët Hennessy Louis Vuitton,MC FP,Equity,EUR,650.0,100.0,65.0,721.04,10.93,False,45.93
PRD-146,CH1261564146,RFQ-146,Air Liquide SA,AI FP,Equity,EUR,170.0,100.0,65.0,135.91,-20.05,False,14.95
PRD-147,CH1261564147,RFQ-147,Visa Inc.,V US,Equity,USD,282.0,100.0,55.0,273.71,-2.94,False,42.06
PRD-147,CH1261564147,RFQ-147,Tesla Inc.,TSLA US,Equity,USD,218.0,100.0,55.0,252.75,15.94,False,60.94
PRD-147,CH1261564147,RFQ-147,Berkshire Hathaway Inc.,BRK.B US,Equity,USD,455.0,100.0,55.0,356.31,-21.69,False,23.31
PRD-148,CH1261564148,RFQ-148,Tesla Inc.,TSLA US,Equity,USD,218.0,100.0,70.0,207.8,-4.68,False,25.32
PRD-149,CH1261564149,RFQ-149,NVIDIA Corporation,NVDA US,Equity,USD,122.5,100.0,55.0,97.02,-20.8,False,24.2
PRD-149,CH1261564149,RFQ-149,Microsoft Corporation,MSFT US,Equity,USD,428.0,100.0,55.0,339.62,-20.65,False,24.35
PRD-149,CH1261564149,RFQ-149,Netflix Inc.,NFLX US,Equity,USD,710.0,100.0,55.0,768.58,8.25,False,53.25
PRD-150,CH1261564150,RFQ-150,Schneider Electric SE,SU FP,Equity,EUR,240.0,100.0,65.0,217.92,-9.2,False,25.8
PRD-150,CH1261564150,RFQ-150,Munich Re,MUV2 GY,Equity,EUR,480.0,100.0,65.0,399.17,-16.84,False,18.16
PRD-151,CH1261564151,RFQ-151,Swisscom AG,SCMN SW,Equity,CHF,545.0,100.0,65.0,599.28,9.96,False,44.96
PRD-151,CH1261564151,RFQ-151,Compagnie Financière Richemont SA,CFR SW,Equity,CHF,138.0,100.0,65.0,138.75,0.54,False,35.54
PRD-152,CH1261564152,RFQ-152,UBS Group AG,UBSG SW,Equity,CHF,27.5,100.0,75.0,28.88,5.02,False,30.02
PRD-152,CH1261564152,RFQ-152,Compagnie Financière Richemont SA,CFR SW,Equity,CHF,138.0,100.0,75.0,106.32,-22.96,False,2.04
PRD-152,CH1261564152,RFQ-152,Swiss Life Holding AG,SLHN SW,Equity,CHF,695.0,100.0,75.0,644.89,-7.21,False,17.79
PRD-153,CH1261564153,RFQ-153,Allianz SE,ALV GY,Equity,EUR,285.0,100.0,55.0,324.3,13.79,False,58.79
PRD-154,CH1261564154,RFQ-154,Euro Stoxx 50 Index,SX5E EU,Equity Index,EUR,4920.0,100.0,,4974.12,1.1,False,
PRD-155,CH1261564155,RFQ-155,ABB Ltd,ABBN SW,Equity,CHF,49.2,100.0,,57.96,17.81,False,
PRD-156,CH1261564156,RFQ-156,Air Liquide SA,AI FP,Equity,EUR,170.0,100.0,70.0,197.05,15.91,False,45.91
PRD-156,CH1261564156,RFQ-156,Sanofi SA,SAN FP,Equity,EUR,98.0,100.0,70.0,98.71,0.72,False,30.72
PRD-156,CH1261564156,RFQ-156,Allianz SE,ALV GY,Equity,EUR,285.0,100.0,70.0,237.89,-16.53,False,13.47
PRD-156,CH1261564156,RFQ-156,ASML Holding NV,ASML NA,Equity,EUR,780.0,100.0,70.0,797.39,2.23,False,32.23
PRD-157,CH1261564157,RFQ-157,Munich Re,MUV2 GY,Equity,EUR,480.0,100.0,65.0,374.26,-22.03,False,12.97
PRD-157,CH1261564157,RFQ-157,Ferrari NV,RACE IM,Equity,EUR,420.0,100.0,65.0,332.85,-20.75,False,14.25
PRD-157,CH1261564157,RFQ-157,ASML Holding NV,ASML NA,Equity,EUR,780.0,100.0,65.0,823.13,5.53,False,40.53
PRD-158,CH1261564158,RFQ-158,Visa Inc.,V US,Equity,USD,282.0,100.0,60.0,296.55,5.16,False,45.16
PRD-158,CH1261564158,RFQ-158,Berkshire Hathaway Inc.,BRK.B US,Equity,USD,455.0,100.0,60.0,510.96,12.3,False,52.3
PRD-158,CH1261564158,RFQ-158,Qualcomm Inc.,QCOM US,Equity,USD,168.0,100.0,60.0,181.84,8.24,False,48.24
PRD-158,CH1261564158,RFQ-158,Meta Platforms Inc.,META US,Equity,USD,575.0,100.0,60.0,608.58,5.84,False,45.84
PRD-159,CH1261564159,RFQ-159,ABB Ltd,ABBN SW,Equity,CHF,49.2,100.0,70.0,37.87,-23.03,False,6.97
PRD-159,CH1261564159,RFQ-159,Schindler Holding AG,SCHN SW,Equity,CHF,238.0,100.0,70.0,217.51,-8.61,False,21.39
PRD-160,CH1261564160,RFQ-160,Alphabet Inc. Class A,GOOGL US,Equity,USD,179.0,100.0,65.0,138.46,-22.65,False,12.35
PRD-160,CH1261564160,RFQ-160,Netflix Inc.,NFLX US,Equity,USD,710.0,100.0,65.0,686.07,-3.37,False,31.63
PRD-161,CH1261564161,RFQ-161,Air Liquide SA,AI FP,Equity,EUR,170.0,100.0,70.0,203.57,19.75,False,49.75
PRD-161,CH1261564161,RFQ-161,TotalEnergies SE,TTE FP,Equity,EUR,61.5,100.0,70.0,56.5,-8.13,False,21.87
PRD-161,CH1261564161,RFQ-161,Siemens AG,SIE GY,Equity,EUR,178.0,100.0,70.0,135.76,-23.73,False,6.27
PRD-162,CH1261564162,RFQ-162,Broadcom Inc.,AVGO US,Equity,USD,172.0,100.0,55.0,147.46,-14.27,False,30.73
PRD-162,CH1261564162,RFQ-162,Alphabet Inc. Class A,GOOGL US,Equity,USD,179.0,100.0,55.0,185.71,3.75,False,48.75
PRD-162,CH1261564162,RFQ-162,Microsoft Corporation,MSFT US,Equity,USD,428.0,100.0,55.0,440.97,3.03,False,48.03
PRD-163,CH1261564163,RFQ-163,Netflix Inc.,NFLX US,Equity,USD,710.0,100.0,55.0,699.78,-1.44,False,43.56
PRD-163,CH1261564163,RFQ-163,NVIDIA Corporation,NVDA US,Equity,USD,122.5,100.0,55.0,111.76,-8.77,False,36.23
PRD-163,CH1261564163,RFQ-163,Berkshire Hathaway Inc.,BRK.B US,Equity,USD,455.0,100.0,55.0,536.45,17.9,False,62.9
PRD-163,CH1261564163,RFQ-163,Qualcomm Inc.,QCOM US,Equity,USD,168.0,100.0,55.0,167.13,-0.52,False,44.48
PRD-164,CH1261564164,RFQ-164,Novartis AG,NOVN SW,Equity,CHF,99.0,100.0,55.0,109.49,10.6,False,55.6
PRD-164,CH1261564164,RFQ-164,Compagnie Financière Richemont SA,CFR SW,Equity,CHF,138.0,100.0,55.0,158.51,14.86,False,59.86
PRD-164,CH1261564164,RFQ-164,Sika AG,SIKA SW,Equity,CHF,262.0,100.0,55.0,233.7,-10.8,False,34.2
PRD-165,CH1261564165,RFQ-165,Visa Inc.,V US,Equity,USD,282.0,100.0,70.0,299.31,6.14,False,36.14
PRD-165,CH1261564165,RFQ-165,Meta Platforms Inc.,META US,Equity,USD,575.0,100.0,70.0,526.3,-8.47,False,21.53
PRD-165,CH1261564165,RFQ-165,NVIDIA Corporation,NVDA US,Equity,USD,122.5,100.0,70.0,135.83,10.88,False,40.88
PRD-166,CH1261564166,RFQ-166,Meta Platforms Inc.,META US,Equity,USD,575.0,100.0,70.0,440.28,-23.43,False,6.57
PRD-166,CH1261564166,RFQ-166,Apple Inc.,AAPL US,Equity,USD,228.0,100.0,70.0,177.91,-21.97,False,8.03
PRD-166,CH1261564166,RFQ-166,NVIDIA Corporation,NVDA US,Equity,USD,122.5,100.0,70.0,134.79,10.03,False,40.03
PRD-166,CH1261564166,RFQ-166,JPMorgan Chase & Co.,JPM US,Equity,USD,215.0,100.0,70.0,196.68,-8.52,False,21.48
PRD-167,CH1261564167,RFQ-167,Nasdaq 100 Index,NDX US,Equity Index,USD,20100.0,100.0,,19416.6,-3.4,False,
PRD-168,CH1261564168,RFQ-168,ABB Ltd,ABBN SW,Equity,CHF,49.2,100.0,75.0,41.86,-14.91,False,10.08
PRD-168,CH1261564168,RFQ-168,Swisscom AG,SCMN SW,Equity,CHF,545.0,100.0,75.0,650.35,19.33,False,44.33
PRD-169,CH1261564169,RFQ-169,Eli Lilly and Company,LLY US,Equity,USD,890.0,100.0,75.0,923.73,3.79,False,28.79
PRD-169,CH1261564169,RFQ-169,NVIDIA Corporation,NVDA US,Equity,USD,122.5,100.0,75.0,101.91,-16.81,False,8.19
PRD-169,CH1261564169,RFQ-169,Netflix Inc.,NFLX US,Equity,USD,710.0,100.0,75.0,841.21,18.48,False,43.48
PRD-169,CH1261564169,RFQ-169,Visa Inc.,V US,Equity,USD,282.0,100.0,75.0,266.41,-5.53,False,19.47
PRD-170,CH1261564170,RFQ-170,Logitech International SA,LOGN SW,Equity,CHF,78.5,100.0,60.0,64.92,-17.3,False,22.7
PRD-170,CH1261564170,RFQ-170,Schindler Holding AG,SCHN SW,Equity,CHF,238.0,100.0,60.0,245.38,3.1,False,43.1
PRD-171,CH1261564171,RFQ-171,Swiss Life Holding AG,SLHN SW,Equity,CHF,695.0,100.0,65.0,663.1,-4.59,False,30.41
PRD-171,CH1261564171,RFQ-171,Geberit AG,GEBN SW,Equity,CHF,535.0,100.0,65.0,567.05,5.99,False,40.99
PRD-171,CH1261564171,RFQ-171,Alcon AG,ALC SW,Equity,CHF,84.0,100.0,65.0,68.97,-17.89,False,17.11
PRD-172,CH1261564172,RFQ-172,Swiss Market Index,SMI,Equity Index,CHF,12150.0,100.0,,13819.41,13.74,False,
PRD-173,CH1261564173,RFQ-173,Apple Inc.,AAPL US,Equity,USD,228.0,100.0,60.0,261.54,14.71,False,54.71
PRD-173,CH1261564173,RFQ-173,Netflix Inc.,NFLX US,Equity,USD,710.0,100.0,60.0,764.95,7.74,False,47.74
PRD-173,CH1261564173,RFQ-173,Microsoft Corporation,MSFT US,Equity,USD,428.0,100.0,60.0,468.1,9.37,False,49.37
PRD-173,CH1261564173,RFQ-173,Tesla Inc.,TSLA US,Equity,USD,218.0,100.0,60.0,199.4,-8.53,False,31.47
PRD-174,CH1261564174,RFQ-174,Microsoft Corporation,MSFT US,Equity,USD,428.0,100.0,55.0,347.41,-18.83,False,26.17
PRD-175,CH1261564175,RFQ-175,Amazon.com Inc.,AMZN US,Equity,USD,188.0,100.0,65.0,208.4,10.85,False,45.85
PRD-175,CH1261564175,RFQ-175,Tesla Inc.,TSLA US,Equity,USD,218.0,100.0,65.0,234.66,7.64,False,42.64
PRD-175,CH1261564175,RFQ-175,JPMorgan Chase & Co.,JPM US,Equity,USD,215.0,100.0,65.0,227.81,5.96,False,40.96
PRD-176,CH1261564176,RFQ-176,Holcim Ltd,HOLN SW,Equity,CHF,82.5,100.0,65.0,77.43,-6.15,False,28.85
PRD-177,CH1261564177,RFQ-177,S&P 500 Index,SPX US,Equity Index,USD,5750.0,100.0,,6534.88,13.65,False,
PRD-178,CH1261564178,RFQ-178,Ferrari NV,RACE IM,Equity,EUR,420.0,100.0,75.0,386.78,-7.91,False,17.09
PRD-179,CH1261564179,RFQ-179,Siemens AG,SIE GY,Equity,EUR,178.0,100.0,65.0,208.24,16.99,False,51.99
PRD-179,CH1261564179,RFQ-179,Munich Re,MUV2 GY,Equity,EUR,480.0,100.0,65.0,510.38,6.33,False,41.33
PRD-179,CH1261564179,RFQ-179,Air Liquide SA,AI FP,Equity,EUR,170.0,100.0,65.0,138.01,-18.82,False,16.18
PRD-180,CH1261564180,RFQ-180,Microsoft Corporation,MSFT US,Equity,USD,428.0,100.0,55.0,446.62,4.35,False,49.35
PRD-180,CH1261564180,RFQ-180,Salesforce Inc.,CRM US,Equity,USD,270.0,100.0,55.0,230.72,-14.55,False,30.45
PRD-180,CH1261564180,RFQ-180,Visa Inc.,V US,Equity,USD,282.0,100.0,55.0,305.24,8.24,False,53.24
PRD-181,CH1261564181,RFQ-181,Salesforce Inc.,CRM US,Equity,USD,270.0,100.0,55.0,242.68,-10.12,False,34.88
PRD-181,CH1261564181,RFQ-181,Alphabet Inc. Class A,GOOGL US,Equity,USD,179.0,100.0,55.0,193.14,7.9,False,52.9
PRD-181,CH1261564181,RFQ-181,Amazon.com Inc.,AMZN US,Equity,USD,188.0,100.0,55.0,195.84,4.17,False,49.17
PRD-181,CH1261564181,RFQ-181,Visa Inc.,V US,Equity,USD,282.0,100.0,55.0,302.7,7.34,False,52.34
PRD-182,CH1261564182,RFQ-182,SAP SE,SAP GY,Equity,EUR,202.0,100.0,60.0,240.74,19.18,False,59.18
PRD-182,CH1261564182,RFQ-182,Sanofi SA,SAN FP,Equity,EUR,98.0,100.0,60.0,94.56,-3.51,False,36.49
PRD-182,CH1261564182,RFQ-182,Munich Re,MUV2 GY,Equity,EUR,480.0,100.0,60.0,562.13,17.11,False,57.11
PRD-183,CH1261564183,RFQ-183,Compagnie Financière Richemont SA,CFR SW,Equity,CHF,138.0,100.0,,146.1,5.87,False,
PRD-183,CH1261564183,RFQ-183,ABB Ltd,ABBN SW,Equity,CHF,49.2,100.0,,57.34,16.54,False,
PRD-183,CH1261564183,RFQ-183,Alcon AG,ALC SW,Equity,CHF,84.0,100.0,,96.56,14.95,False,
PRD-184,CH1261564184,RFQ-184,Air Liquide SA,AI FP,Equity,EUR,170.0,100.0,75.0,136.09,-19.95,False,5.05
PRD-184,CH1261564184,RFQ-184,TotalEnergies SE,TTE FP,Equity,EUR,61.5,100.0,75.0,69.06,12.29,False,37.29
PRD-184,CH1261564184,RFQ-184,SAP SE,SAP GY,Equity,EUR,202.0,100.0,75.0,233.57,15.63,False,40.63
PRD-185,CH1261564185,RFQ-185,Microsoft Corporation,MSFT US,Equity,USD,428.0,100.0,75.0,400.99,-6.31,False,18.69
PRD-185,CH1261564185,RFQ-185,Broadcom Inc.,AVGO US,Equity,USD,172.0,100.0,75.0,172.65,0.38,False,25.38
PRD-185,CH1261564185,RFQ-185,NVIDIA Corporation,NVDA US,Equity,USD,122.5,100.0,75.0,122.68,0.15,False,25.15
PRD-186,CH1261564186,RFQ-186,Alphabet Inc. Class A,GOOGL US,Equity,USD,179.0,100.0,65.0,143.81,-19.66,False,15.34
PRD-187,CH1261564187,RFQ-187,Broadcom Inc.,AVGO US,Equity,USD,172.0,100.0,65.0,141.01,-18.02,False,16.98
PRD-187,CH1261564187,RFQ-187,Amazon.com Inc.,AMZN US,Equity,USD,188.0,100.0,65.0,156.94,-16.52,False,18.48
PRD-187,CH1261564187,RFQ-187,Qualcomm Inc.,QCOM US,Equity,USD,168.0,100.0,65.0,192.16,14.38,False,49.38
PRD-188,CH1261564188,RFQ-188,Sika AG,SIKA SW,Equity,CHF,262.0,100.0,65.0,224.11,-14.46,False,20.54
PRD-188,CH1261564188,RFQ-188,Novartis AG,NOVN SW,Equity,CHF,99.0,100.0,65.0,115.08,16.24,False,51.24
PRD-188,CH1261564188,RFQ-188,Zurich Insurance Group AG,ZURN SW,Equity,CHF,512.0,100.0,65.0,516.71,0.92,False,35.92
PRD-188,CH1261564188,RFQ-188,Swiss Re AG,SREN SW,Equity,CHF,116.0,100.0,65.0,117.15,0.99,False,35.99
PRD-189,CH1261564189,RFQ-189,Swiss Re AG,SREN SW,Equity,CHF,116.0,100.0,70.0,94.78,-18.29,False,11.71
PRD-189,CH1261564189,RFQ-189,Givaudan SA,GIVN SW,Equity,CHF,4150.0,100.0,70.0,3815.51,-8.06,False,21.94
PRD-189,CH1261564189,RFQ-189,Partners Group Holding AG,PGHN SW,Equity,CHF,1210.0,100.0,70.0,1318.29,8.95,False,38.95
PRD-190,CH1261564190,RFQ-190,DAX 40 Index,DAX GY,Equity Index,EUR,19200.0,100.0,,19002.24,-1.03,False,
PRD-191,CH1261564191,RFQ-191,Nasdaq 100 Index,NDX US,Equity Index,USD,20100.0,100.0,,21050.73,4.73,False,
PRD-192,CH1261564192,RFQ-192,Qualcomm Inc.,QCOM US,Equity,USD,168.0,100.0,75.0,200.86,19.56,False,44.56
PRD-192,CH1261564192,RFQ-192,NVIDIA Corporation,NVDA US,Equity,USD,122.5,100.0,75.0,144.65,18.08,False,43.08
PRD-193,CH1261564193,RFQ-193,Nestlé SA,NESN SW,Equity,CHF,92.5,100.0,75.0,86.5,-6.49,False,18.51
PRD-193,CH1261564193,RFQ-193,Schindler Holding AG,SCHN SW,Equity,CHF,238.0,100.0,75.0,180.29,-24.25,False,0.75
PRD-193,CH1261564193,RFQ-193,Straumann Holding AG,STMN SW,Equity,CHF,122.0,100.0,75.0,131.15,7.5,False,32.5
PRD-194,CH1261564194,RFQ-194,Geberit AG,GEBN SW,Equity,CHF,535.0,100.0,55.0,423.77,-20.79,False,24.21
PRD-194,CH1261564194,RFQ-194,Schindler Holding AG,SCHN SW,Equity,CHF,238.0,100.0,55.0,219.13,-7.93,False,37.07
PRD-194,CH1261564194,RFQ-194,Compagnie Financière Richemont SA,CFR SW,Equity,CHF,138.0,100.0,55.0,137.82,-0.13,False,44.87
PRD-194,CH1261564194,RFQ-194,Roche Holding AG,ROG SW,Equity,CHF,248.0,100.0,55.0,192.27,-22.47,False,22.53
PRD-195,CH1261564195,RFQ-195,Roche Holding AG,ROG SW,Equity,CHF,248.0,100.0,65.0,286.37,15.47,False,50.47
PRD-196,CH1261564196,RFQ-196,Novartis AG,NOVN SW,Equity,CHF,99.0,100.0,60.0,111.61,12.74,False,52.74
PRD-196,CH1261564196,RFQ-196,UBS Group AG,UBSG SW,Equity,CHF,27.5,100.0,60.0,24.84,-9.67,False,30.33
PRD-196,CH1261564196,RFQ-196,Partners Group Holding AG,PGHN SW,Equity,CHF,1210.0,100.0,60.0,1326.28,9.61,False,49.61
PRD-197,CH1261564197,RFQ-197,Logitech International SA,LOGN SW,Equity,CHF,78.5,100.0,55.0,86.15,9.75,False,54.75
PRD-197,CH1261564197,RFQ-197,Alcon AG,ALC SW,Equity,CHF,84.0,100.0,55.0,74.16,-11.71,False,33.29
PRD-198,CH1261564198,RFQ-198,SAP SE,SAP GY,Equity,EUR,202.0,100.0,60.0,190.67,-5.61,False,34.39
PRD-198,CH1261564198,RFQ-198,LVMH Moët Hennessy Louis Vuitton,MC FP,Equity,EUR,650.0,100.0,60.0,650.39,0.06,False,40.06
PRD-198,CH1261564198,RFQ-198,Munich Re,MUV2 GY,Equity,EUR,480.0,100.0,60.0,470.69,-1.94,False,38.06
PRD-199,CH1261564199,RFQ-199,Broadcom Inc.,AVGO US,Equity,USD,172.0,100.0,70.0,142.12,-17.37,False,12.63
PRD-199,CH1261564199,RFQ-199,JPMorgan Chase & Co.,JPM US,Equity,USD,215.0,100.0,70.0,187.26,-12.9,False,17.1
PRD-199,CH1261564199,RFQ-199,Advanced Micro Devices Inc.,AMD US,Equity,USD,155.0,100.0,70.0,134.97,-12.92,False,17.08
PRD-199,CH1261564199,RFQ-199,NVIDIA Corporation,NVDA US,Equity,USD,122.5,100.0,70.0,99.92,-18.43,False,11.57
PRD-200,CH1261564200,RFQ-200,Nasdaq 100 Index,NDX US,Equity Index,USD,20100.0,100.0,,18524.16,-7.84,False,
